{
    "Km/h": 0.277778,
    "knots": 0.514444,
    "Kts": 0.514444
}
